,p1,p2,p3,hd,wd,hu,wu
6,90,0,0,229.9999,45.00003,50,47.50003
